 ,Review,giai_tri,luu_tru,nha_hang,an_uong,di_chuyen,mua_sam
0,"Nhà hàng mới sạch sẽ ,phục vụ nhiệt tình ,không gian thoáng mát",0,0,4,0,0,0
1,"Nhà hàng không gian thoáng mát,sạch sẽ,hải sản tươi sống phù hợp nhu cầu du lịch cho gia đình,cơ quan và đoàn đông người.",0,0,5,0,0,0
2,"Được người bạn đi về giới thiệu gần FLC có nhiều Nhà Hàng hải sản bên làng chài và mình thử đi qua làng chài thì gặp được Nhà Hàng Bảo Nam ngay đầu đường vào Làng , điều ấn tượng nhất làng nhà hàng này có không gian sân vườn rất thoáng mát và được trang trí rất đẹp. Giá cả lại phải chăng và hải sản thì đang bơi luôn các bạn ạ .",0,0,4,0,0,0
3,"Kinh nghiệm cho bản thân và cho bạn khi đến khu vực nhơn lý . sử dụng dịch vụ kì co eo gió. Ăn uống hải sản tại nhà hàng bên nhơn lý . mình thì đi nhiều nhà hàng . thấy bên bảo Nam có nhiều thứ để bạn tìm hiểu dịch vụ ăn uống bên này . 
Rất đáng đồng tiền bát gạo .",0,0,4,0,0,0
4,"Đầu tiên nhận xét về thái độ phục vụ của chủ quán và nhân viên vô cùng tệ, khi bảo đưa menu chọn món thì lơ đi trong khi mua tour và ép buộc khách dùng món. Vì nể tài có quen biết mà dùng thử nhưng chỉ dám ghé đến 1 lần và kh bao giờ quay lại.",0,0,1,0,0,0
5,Hello Trâm anh đi ăn nhà hàng bảo nam thì thực phẩm rất tươi❤️❤️,0,0,5,0,0,0
6,Nhà hàng có tất cả các loại hải sản 😍☺️ đồ ăn chế biến rất tốt và trang trí đẹp mắt,0,0,5,0,0,0
7,Nhà hàng hôm nay có nhìu hải sản tươi ngon 😄☺️☺️Không khí dể chịu nữa <3,0,0,5,0,0,0
8,"Bọn mình ở FLC nên gọi dt sẽ có xe đưa đón khứ hồi ra vào quán luôn, nhân viên nhiệt tình, không gian quán thoải mái.",0,0,4,0,4,0
9,"khung cảnh sung quanh rất đẹp và mộng mơ, đúng chất nhà hàng tây ♥♥",0,0,4,0,0,0
10,không gian của nhà hàng khá là mát mẻ ♥ ♥ nhân viên phục vụ chu đáo :D,0,0,4,0,0,0
11,"Bếp chế biến phù hợp với gia đình,nhân viên rất nhiệt tình,nhà hàng ko gian rất thoáng mát,thích hợp gia đình có e bé.",0,0,4,0,0,0
12,"Tham gia tour Kỳ co Eo Gió ở Nhà Hàng Bảo Nam Nhơn Lý , đã cho mình 1 trải nghiệm tuyệt vời. 
Hài lòng và sẽ quay lại . 
Thanks all !",0,0,4,0,0,0
13,"Nha hàng thoáng mát cực kỳ. Mấy bạn phục vụ dễ thương làm sao. Vì Chỉ muốn chia sẽ cho các bạn nhưng viết ko hay mất thời gian đọc. 
Vậy các bạn đến đi rồi sẽ cảm nhân. bii bi thân ái",0,0,5,0,0,0
14,"Nhà hàng sân vườn , view bao đẹp , thoáng mát , rất thích hợp cho khách đoàn hoặc khách lẻ , hải sản phong phú , dễ dàng lựa chọn thích hợp cho khẩu vị từng người và vùng miền , nhân viên nhiệt tình và lễ phép ,",0,0,5,0,0,0
15,"Giá cả rất hợp lý,đầu bếp nấu ăn ngon,rất phù hợp khách ở flc và du lịch eo gió kỳ co ghế dùng bữa ở đây.",0,0,4,0,0,0
16,"Dịch vụ tốt,tổ chức tours cbuyên nghiệp,nha hàng hải sản dxa dạng,đầu bếp rất phù hợp khách miền Nam",0,0,4,0,0,0
17,"Hải sản tươi,nhân viên thân thiện,sân vườn thoan mát.rất thích hợp cho gia đình tụ họp tại đây",0,0,4,0,0,0
18,"Hôm nay gia đình tôi đến nghĩ dưỡng FLC, cạnh đó có vài nhà hàng tuy nhiên sau nhiều vòng xe tham khảo tôi đã ghé đến nhà hàng bảo nam.
Nhà hàng thoáng mát có sân vường rộng rãi 
Có hồ hải sản lớn tùy mình lựa chọn hải sản tươi sống
Mình thấy nhân viên phục vụ thiệt tình chu đáo
Đánh giá nhà hàng 4* hài lòng",0,0,4,0,0,0
19,"Đầu bếp của nhà hàng chế biến đậm chất vùng biển,nhân viên phục vụ rất nhiệt tình,nhà hàng gần ở gần flc rất thích hợp cho tiện di chuyển,nhà hàng có xe đưa đón rất thuận.",0,0,4,0,4,0
20,"Nhà hàng hải sản tươi sống , phục vụ rất nhiệt tình , chị chủ quán vui vẻ , nhà hàng thoáng mát . Địa điểm gần khu nghỉ dưỡng FLC và Eo Gió . Sẽ quay lại vào 1 ngày không xa 😘😘😘😘😘😘😘",0,0,5,0,0,0
21,"Nhà hàng hải sản tươi sống. Địa điểm gần khu nghỉ dưỡng cao cấp FLC , gần Eo Gió . Nhân viên phục vụ rất nhiệt tình , dịch vụ tour du lịch biển đảo Kỳ Co rất ok",4,0,5,0,0,0
22,"Nhà hàng rộng rãi, thoáng mát. Hải sản tươi, giá cũng hợp lý. 
Lần sau sẽ quay lại 
#haisaneogio #nhahangeogio #nhahangbaonam",0,0,4,0,0,0
23,"Mùa này là mùa du lịch của nhơn lý, ra đây phải ăn hải sản nha, bên này vừa có nhà hàng vừa có tour du lịch ra đảo nên rất tiện lun",4,0,4,0,0,0
24,"Thấy foody giới thiệu tour trọn gói 1 ngày mà có 300k quá rẻ nên mình đi thử
tour bao gồm đi cano nhanh, lặn ngắm san hô và thưởng thức hải sản nhơn lý
,anh chủ và nhân viên rất nhiệt tình. Very good !",5,0,5,0,5,0
25,"Tour du lịch biển Kì Co Bảo Nam - Trải nghiệm đáng để thử trong mùa hè này
Mình biết đến Kì Co như là một thiên đường biển đảo - Maldives của Việt Nam nên hè này đã lên ý định sẽ đến tận hưởng vui chơi ở đây. Còn đang loay hoay không biết làm thế nào để đi cho tiện thì được bạn giới thiệu cho tour du lịch trọn gói Bảo Nam chỉ với giá 300.000 đồng. Phải nói là mình cực kì hài lòng với gói dịch vụ của quán. Cano vận chuyển siêu nhanh, siêu êm, 5-10 phút đã ra tới đảo. Ở đây, mình được anh hướng dẫn viên chỉ dẫn rất nhiệt tình, tham quan tắm biển, lặn san hô, nghỉ ngơi trên bè nổi,... 
Chơi bời đã đời, mình được hướng dẫn về nhà hàng ăn uống, hải sản tươi sống, nhân viên thì thân thiện, tận tình. Với 300.000 mà được đi và ăn như thế này thì mình phải nói là quá ok hợp lí. 
Mình đã chơi rất vui và ăn rất ngon nên chắc chắn mình sẽ quay lại Kỳ Co khi có dịp, và hiển nhiên mình vẫn sẽ chon tour du lịch của Bảo Nam.",4,0,4,0,4,0
26,"Dự tính đi Kỳ Co lâu rồi mà chưa có dịp, tình cờ thấy review về dịch vụ tour Kỳ Co trọn gói mà chỉ có 300k nên rủ anh đi luôn.
Vì vụ một thoáng là đến Nhơn Lý, được anh chủ nhà hàng đón tiếp rất nhiệt tình. Có cả xe đưa bọn mình ra bến, cano hiện đại ghê, đi 10p là đến đảo Kỳ Có rồi, ban đầu cứ sợ say sóng mà ngồi lên đi nhanh quá chưa kịp say :))) chả bù trước kia ra đảo đi bằng ghe nó lâu mà mình say sóng là hết muốn chơi gì nữa. Ta nói tai nghe không bằng mắt thấy. Quả thật được mệnh danh là ""Maldives"" của Việt Nam đâu có sai. Trời xanh, biển xanh, núi cũng xanh, cảm giác như đang lạc vào chốn thiên đường vậy đó. Chụp hình thì khỏi chê đâu đâu cũng là background tuyệt đẹp, mình làm nguyên cả album luôn.Ở đây có cho thuê cái phao vịt giá 50k/h thôi, nhìn cute lạc lối dễ sợ. 
Tắm biển, chụp choẹt đã mình sang bãi dứa lặn san hô. Nước trong đến mức đứng ở trên bè mà cũng thấy được san hô luôn đó.Tiếp mình về nhà hàng tắm nước ngọt, quẩy đủ kiểu nên đói quá, nhà hàng phục vụ đủ các loại hải sản,nghĩ lại còn thèm.
Bọn mình đi có 2 người mà giá cũng 300k, quá rẻ có chuyến du lịch kỳ co. 
À quên bên đảo cũng có dịch vụ cho thuê cano siêu tốc giá 250k/h đó, quá tuyệt vời cho bạn nào thích trải nghiệm cảm giác mạnh.",5,0,4,0,4,0
27,"Mình được bạn giới thiệu cho tour kỳ co trọn gói 300k trên fanpage Du lịch biển Bảo Nam, thế là thấy cũng ok nên đặt tour bên đó luôn. Sáng cùng đồng bọn đến Nhơn Lý, anh chủ ra đón đến nhà hàng cực kỳ thân thiện. Tầm 9h đi cano ra kỳ co, cano xịn ghê, đi tầm 10p là đến đảo rồi. Bọn mình tha hồ chụp ảnh tắm biển các kiểu,cảnh đẹp mê hồn. trưa anh hướng dẫn viên của Bảo Nam đưa bọn mình ra bãi dứa lặn ngắm san hô thỏa thích xong về nhà hàng tắm nước ngọt, ăn hải sản muốn ngập mặt luôn, 8 món. là lá la nghỉ ngơi một lúc bọn mình về lại QN. Chuyến đi quá tuyệt, dịch vụ ok",4,0,4,0,4,0
28,"Thích thú vì về quê đi nhơn lý chơi. gia đình mình thuê qua nhà hàng này luôn vì được bạn giới thiệu và giá tour cúng phải chăng. 300k/người bao gồm di chuyển ca nô đi ra đảo và ăn trưa các món hải sản tươi k hà.
quy nhơn thì nổi tiếng vs hải sản tươi sống và giá rẻ
nhân viên nhiệt tình, vui vẻ
món ăn cũng hợp khẩu vị",0,0,4,0,0,0
29,"Anh chủ cực kỳ thân thiện luôn, nhà hàng hình như cung cấp dịch vụ vận chuyển luôn hay sao mà thấy các quán khác cũng liên hệ nhờ chở khách dùm. 
Cano đi nhanh dễ sợ, chỉ tầm 5 hay 10 phút gì đã ra đến bãi Kỳ Co. Chưa kịp say luôn (mình bị say sóng)
Nước biển trong vắt, cảnh thì tuyệt đẹp. Đi tham quan 1 vòng đã chụp muốn cháy máy. Công nhận ở cái nơi biển xanh cát trắng nắng vàng này, chỉ cần giơ máy lên chụp là đã có 1 bức ảnh đẹp rồi.
Tham quan tắm biển xong lại lên cano di chuyển qua bãi dứa lặn san hô, san hô ở đây nhiều và đủ màu sắc luôn. Bạn nào tắm mệt rồi thì lên bè để nghĩ. Mấy nhà hàng có làm bè nỗi để khách nghĩ ngơi hoặc muốn ăn luôn trên biển cũng đc.
Mình thì về nhà hàng.À. Cái phao vịt, hay thiên nga gì đó thuê có 50k/h à. Chụp rồi mà hình ở máy khác nên ko up đc :((",5,0,5,0,5,0
30,"Được du lịch quy nhơn thích ơi là thích. phải ghé một trong những địa điểm du lịch hot gần đây. gia đình mình chọn tour bên chỗ này vi giá cả phải chăng và dịch vụ tốt
không gian nhà hàng mát mẻ, phục vụ cũng chu đáo
nói chung hài lòng",4,0,4,0,0,0
31,"Đợt nghỉ lễ về rồi rủ bạn đi Kỳ Co, Eo gió vì đang là địa điểm hot của quy nhơn năm ni nên nhất định phải ghé. mình và bạn mua tour ra đảo cho khỏe, họ lo cho mình hết luôn.
Tour đi về trong ngay giá 300k.
cano chạy êm, mình không cảm thấy gì luôn, hải sản tươi và nhiều quá trời luôn
nhà hàng khá là chu đáo và nhiệt tình, dịch vụ tốt",4,0,4,0,4,0
32,"không gian nhà hàng sang trọng và mát mẻ
có nhiều chòi để ngồi nghỉ ngơi
nói nhà hàng chứ giá cả cũng phải chăng lắm
có dịp sẽ ghé lại",0,0,4,0,0,0
33,"Quán siêu rộng, tận 3 tầng. Tầng trên cùng là chuyên đồ nướng, với view thoáng nhìn ra được Quảng trường. Ở đây có thể gọi theo buffet giá nhiều loại 189k/người, set 289k và 389k, 489k thì có thêm nhiều loại thịt và hải sản hơn. ",0,0,4,0,0,0
34,"Dịch vụ nhanh và thân thiện, rất đáng đồng tiền. Tuy nhiên nhân viên không biết tiếng Anh nhưng thực đơn phong phú so với trung bình các nhà hàng ở Việt Nam. Chúng tôi rất muốn giới thiệu cho bạn nhà hàng này",0,0,4,0,0,0
35,"Nhà hàng phong cách Nhật, menu nhiều món lắm trang trí cũng ổn, giá thì được rồi không có cao, lẩu Nhật hai người nước lẩu ngon
Mấy bạn nhân viên ở đây dễ thương lắm, gọi là có liền.",0,0,4,0,0,0
36,"Nhà hàng Nhật chất lượng tốt, view đẹp, cạnh biển.Một trong những nơi yêu thích của tôi tại quy nhon",0,0,4,0,0,0
37,"Cảm nhận đầu tiên là quán yên tĩnh, giống như ở Nhật kinh khủng, nhân viên thì dễ thương. Thật sự thích phong cách nhà hàng Nhật như thế này.",0,0,5,0,0,0
38,"Nhà hàng nhật đầu tiên ở quy nhơn. Mình thấy đây là nhà hàng chế biến đồ ăn nước ngoài vị chuẩn nhất mình biết hihi. 
Quán nằm trên đường diên hồng, bên cạnh cà phê sky và với màu đỏ nổi bật nên rất dễ tìm. Menu ở đây toàn những món đặc trưng cho sứ sở hoa anh đào, nhà hàng sang trọng, phục vụ nhanh nhẹn, dễ thương. Mới vô là được chào đón nồng nhiệt luôn ^^ . Giá cả cũng khá hợp lí so với chất lượng và dịch vụ .",0,0,4,0,0,0
39,"Thấy ra các chỗ về sushi thì vẫn thấy đây là ổn nhất vì quy nhơn chỉ có mỗi quán này là bán đồ ăn nhật chứ mấy 😆😆😆, giá cũng ko phải mắc mà chất lượng. quán cũng lai rai khách, lên hơi chậm tý cũng thông cảm 
Phục vụ dễ thương.",0,0,3,0,0,0
40,"Quán rộng rãi , deco đẹp . Nhân viên phục vụ mặc kimono khá dễ thương , tính tình thân thiện . Menu phong phú , đa dạng . Deco đẹp , sạch sẽ , sang trọng . Tốc độ phục vụ đồ ăn khá lâu vì quán đông  giá hơi đắt nhưng chất lượng đồ ăn cũng oke :👍👍 
Nói chung là sẽ quay trở lại quán vì ở qui nhơn đây là nhà hàng Nhật Bản chuẩn nhất ❤️",0,0,4,0,0,0
41,"Đi ăn mùng 5 tết,quán cực kì đông do vậy mà nhân viên cũng bận bịu do đó thái độ của nhân viên rất tệ. Vô quán ngồi chờ gần cả tiếng mới đem đồ ăn lên, order thiếu của khách, đi ăn mà mất 2h mới ăn xong mà không hài lòng tí nào. Pv tệ mà còn phải trả phí pv 50k. ",0,0,2,0,0,0
42,"Món ăn bình thường nhưng không có điều gì bằng việc BẤT LỊCH SỰ. Mình muốn thanh toán bằng thẻ tín dụng thì đòi phí. Mình ăn hết 970k thu 35k tiền thẻ. Mình bảo j kì vậy, quán làm to mà đi thu phí của khách. Thế là 1 tràng bất lịch sự sổ ra. Còn nói mình nhỏ mà ... ủa nhỏ tuổi hơn thấy không đúng thì nói thôi. Làm chủ quán lớn không chịu lắng nghe học hỏi còn thái độ.",0,0,1,0,0,0
43,"Dành cả thanh xuân để ăn cho mụp 😋
Cơm gà Quê Hương! Ăn rồi mới biết tại sao giá cao vậy mà đông như vậy 😝
Nói chung là nhứt nách 😋",0,0,4,0,0,0
44,"Đến quán vào tối chủ nhật, nhà hàng Quê Hương khá đông lên gọi món hơi lâu. Giá cả hợp lý, nhân viên nhiệt tình.",0,0,3,0,0,0
45,"Dù cho Quy Nhơn đang càng có nhiều nhà hàng mới mở hay bao nhiêu thương hiệu gà rán đi chăng nữa thì rõ ràng Cơm gà Quê Hương vẫn là một thương hiệu không bao giờ phai nhạt trong lòng người dân Quy Thành
Cơm gà ở đây ngon từ cơm tới gà, một hương vị rất riêng, gà là gà ta, chắc thịt, lớp da gà được chiên giòn mà không cần dùng tới các loại bột chiên giòn.
Mở hộp cơm ra là thấy mùi thơm ngào ngạt. Nói tóm lại là thèm quá.
Thật ra nhà hàng Quê Hương nấu ngon lắm, nhưng hầu hết mọi người tới đây đều ăn cơm gà nên thành thương hiệu luôn ấy ^^
Hôm nào lễ được thưởng thì làm ngay 1 phần nào",0,0,4,4,0,0
46,"Đi du lịch thì xác định là ăn đặc sản rồi, cũng tại có tụi nhỏ nên lại phải vô quán cơm. Được recommend là đến Quê Hương 2 nhưng mà nói thật mình thấy nấu ăn cũng bình thường, nv phục vụ k chú tâm săn đón khách lắm.
Hôm sau mình ăn ngay trong khách sạn Mường Thanh thấy còn ngon hơn giá cả thì tương đương mà tôm cá tươi hơn hẳn. Note để các bạn nào đi du lịch nghe tư vấn mà định qua đây thì nên cân nhắc nhé.",0,0,3,0,0,0
47,"Ở qui nhơn nghe có nhà hàng quê hương nổi tiếng lắm , đi đâu cũng nghe tiếng hết trơn có tới 2 chi nhánh lận , mà sao mình lại không thích quán này cho lắm và cảm thấy không ngon . nhân viên phục vụ có vẻ không thân thiện , mặt chẳng thân thiện tí nào . menu có nhiều món , giá cả cũng được . mình ăn địa chỉ 2 cảm thấy ở đây hơi tối và nóng nực . chắc sẽ không quay lại",0,0,2,0,0,0
48,"Lần đầu có dịp đi Quy Nhơn chơi, được sắp xếp vào ăn trưa ở nhà hàng lớn vầy cũng khoái. Nhà hàng nằm sát biển có view đẹp, lại gần trung tâm thành phố Quy Nhơn",0,0,4,0,0,0
49,chưa xứng tầm với nhà hàng 4 sao.,0,0,2,0,0,0
50,"Từ bên ngoài nhìn vào nhà hàng mang 1 tông màu kem trắng khá là sang trọng đường vào nhà hàng cũng rộng rãi, nhà hàng này hình như vừa kết hợp khách sạn hồ bơi rồi điểm tâm cà phê sáng các thứ luôn hay sao ấy, mình đi với đoàn nên khi bước vào bàn tiệc thì trên bàn đã setup các món sẵn rồi chỉ cần gỡ giấy bao lại là ăn được rồi",0,0,4,0,0,0
51,"Đi đến nơi đây cũng lâu lắm rồi mà nay mới có dịp giờ rãnh để ngồi viết review cho chổ này.
Do mình may mắn được đi với công ty nên mình mới có dịp ghé đến nhà hàng này, mình thấy thực đơn của quán cũng hao hao như mấy trung tâm hội nghị khác thôi nhưng được cái quán này phục vụ khá là tốt, nhân viên thì thân thiện và vui vẻ lại còn chu đáo hơn. 
Về phía phần đồ ăn thì khá là ok nhe, có mấy món nghe tên khá là lạ vì ở Cần Thơ mình chưa có ăn bao giờ được dịp ra đây ăn thử thấy cũng khá là thích thích. Với lại cách trang trí của nhà hàng mình thấy cũng khá sang trọng đúng chuẩn nhà hàng hơn các nơi khác ^^
Ngoài ra nhà hàng có view khá đẹp vì sát với biển nên làm mình thích lắm!",0,0,4,0,0,0
52,"Một trong những nhà hàng mình có dịp ghé qua thưởng thức khi đến Quy Nhơn, mà lọt vào tầm ngắm của mình đây: Nhà hàng Hải Âu.Nhà hàng nằm ngay trung tâm Quy Nhơn nên từ đây ăn xong đi đâu cũng gần xịt.
Nhân viên cũng rất dễ chịu, nhờ gì các bạn cũng tận tình giúp. Nếu có dịp ra đây nữa mình nhất định sẽ ghé qua chỗ này!",0,0,4,0,0,0
53,"Đây là nhà hàng đầu tiên khi mình được đến Quy Nhơn, và cũng là chỗ mình thấy được nhất. Sảnh sau của nhà hàng sát biển nhìn đẹp mát lắm nhé.",0,0,4,0,0,0
54,Nhà hàng này nhìn cực kỳ sang trọng luôn nha,0,0,4,0,0,0
55,"Đặt chân tới quy nhơn là được công ty dẫn qua nhà hàng để ăn rồi do đi tới đây là tầm trưa rồi nên vào đây ăn luôn, đồ ăn của nhà hàng bắt mắt và hấp dẫn lắm luôn nha nhìn màu sắc cực kỳ ưng luôn ấy chứ, món nào món nấy nhìn mà muốn ăn liền, tôm thẻ ram ăn khá là ngon được bóc vỏ ra sẵn hết rồi nên ăn khá là ngon và tiện lợi, có món thịt thì làm mình thấy có vẻ nó hơi nhạt tý ướp không được tới lắm nên ăn với cơm nó nhạt hẵn ra",0,0,4,3,0,0
56,"Hôm bữa có dùng cơm trưa ở đây, nhà hàng khá rộng rãi, ngay gần biển luôn",0,0,4,0,0,0
57,"Không gian nhà hàng đẹp, rộng rãi thoáng mát. View nhìn ra biển đẹp và sạch. Nhân viên phục vụ rất lịch sự và nhiệt tình, xin thêm gì là thấy đem lên rất nhanh. Nói chung đây là nhà hàng được nhất trong cả chuyến đi 3 ngày ở Quy Nhơn của công ty mình. Tuy nhiên không biết sao trên bàn mình có một hộp gì không biết. Mong nếu có dịp sẽ ghé để thưởng thức thêm các món ăn ở nhà hàng này nữa.",0,0,4,0,0,0
58,"Hôm trước đi team với công ty mình có dùng bữa buổi trưa tại nhà hàng này Nhà hàng này có view biển đẹp. View biển chủ yếu là quán cafe thôi, còn ăn sảnh bên trong khá nóng.",0,0,3,0,0,0
59,"Đây là nhà hàng có thể nói mình hài lòng nhất trong chuyến đi. Nhà hàng phục vụ chu đáo, tới nơi là đồ ăn đã dọn sẵn sàng trên bàn để xơi. Nhân viên chủ động, nhiệt tình
Khong gian bàn ghế kê hơi chật chội",0,0,4,0,0,0
60,"Được công ty cho đi chơi. Tới Quy nhơn thì được ghé nhà hàng này ăn trưa. Đi vào từ sảnh thì không gian rất thoáng và mát mẻ. Nhưng đồ ăn cũng được ko có j đặc biệt, ăn chống đói ok. Có view biển khá đẹp",0,0,4,0,0,0
61,"Lúc rời xe đặt chân xuống thành phố biển cũng đúng ngay giờ cơm trưa, bụng réo inh ỏi. Phòng ốc rộng rãi, có máy lạnh nên không lo cái nóng ngoài kia, mỗi bàn khoảng 10 thực khách. Lúc vào bàn, các món ăn và trà đá đều đã được dọn lên hết, quá tuyệt vời luôn.",0,0,4,0,0,0
62,"Sau 1 đêm đánh giấc ngon lành trên đường ray, cả tiếng ngồi gật gù trên xe, nguyên đoàn ghé khách sạn dùng bữa trưa. Do mệt và đói bụng quá nên mình cũng không để ý cảnh quan nhà hàng. Vào bàn thì cứ bắt nhóm khoảng 10 người. Nhân viên phục vụ lên món nhanh, kêu gì là làm liền, rất mau lẹ.",0,0,4,0,0,0
63,"Nhà hàng này là nhà hàng mình hài lòng nhất trong chuyến đi. Tới nơi là cơm canh đồ ăn đã dọn sẵn ra bàn, chỉ việc ngồi xơi thoai hà. Nhân viên cũng nhanh nhẹn.",0,0,4,0,0,0
64,"Đây là nơi quen thuộc của khoa mình luôn. Tại mỗi lần hội nghị, sự kiện hay liên hoan cuối khoá gì đó là toàn ở đây.
Đợt rồi tổng kết làm lễ ra trường của K35 cũng làm tiệc ở đây.
Đặt tiệc ở đâu chứ ở đâu thì bao sang chảnh nha, phong cách Âu, đẹp, cái cổng cũng đẹp, chụp hình bao ảo diệu.
Khách sạn lớn nên cách phục vụ chuyên nghiệp. Không có vấn đề gì về phục vụ cả.
Tóm lại nhà hàng Hải Âu tuy giá cao hơn 1 tí nhưng mà đáng",0,4,4,0,0,0
65,"Khách sạn Hải Âu Quy Nhơn được thiết kế theo kiến trúc Châu Âu hiện đại. Vị trí địa lí gần nhiều khu vui chơi giải trí và các thắng cảnh du lịch hoang sơ tuyệt đẹp như Ghềnh Ráng, Bãi Dài, bãi Xép, khu du lịch Quy Hòa…Khách sạn Hải Âu nằm ở vị trí sát bờ biển; có bể bơi. Khách sạn có 2 khu 3 sao và 4 sao; thích hợp cho nhiều đối tượng khách. Giá cả phù hợp; Phong cách phục vụ chuyên nghiệp; Tuy nhiên chất lượng wifi hơi yếu",0,4,0,0,0,0
66,"Một nơi khá gọn gàng và đẹp. Nhìn từ bên ngoài, nhà hàng trông rất ấn tượng . Lý do tôi thích nhà hàng này là vì thức ăn và nhân viên của nó. Các nhân viên rất hữu ích và thân thiện, vì vậy khách hàng thường có khoảng thời gian dễ chịu ở nhà hàng này. Nói chung dịch vụ ở đây là tốt. Bạn bè của tôi và tôi thường đến đó khi chúng tôi muốn đi ăn.",0,0,4,0,0,0
67,"Không gian nhà hàng tạo cảm giác ấm cúng, gần gũi, rộng rãi, mát mẻ. Thực đơn gồm những món ăn bình dị, mang hương vị gia đình.",0,0,4,0,0,0
68,"Nhà hàng Mộc Viên là một nhà hàng đủ tiêu chuẩn phục vụ khách du lịch với không gian rộng rãi thoáng mát,  phục vụ tận tình. Quý khách đi theo nhóm nhỏ hoặc gia đình, nhà hàng vẫn có không gian riêng tư. Nếu có dịp đến Quy Nhơn, nên ghé Mộc Viên để cảm nhận ẩm thực miền Trung nói chung và ẩm thực Bình Định nói riêng",0,0,4,0,0,0
69,"Gia đình mình vào ăn tại nhà hàng này mà phong cách phục vụ rất kém, ngồi chờ 20p chưa có đồ ăn trong khi người tới sau lại có trước. Thật thất vọng.",0,0,2,0,0,0
70,"Được anh taxi chở qua chứ cũng k biết quán này từ trước,lúc mới đến thì lo là đắt lắm vì nhà hàng kiểu sang trọng,ai ngờ 6 người nên chưa hết 600k 
",0,0,4,0,0,0
71,"Mình vừa đến nhà hàng này cùng gia đình vì đã xem trên foody và thấy review cũng khá ổn. 
-Điều đầu tiên mình cảm nhận được là không gian quán rất rộng, chủ yếu là từ gỗ nhưng vì để quá nhiều bàn ghế và cách bài trí nên nhìn rất xấu, và còn khá nóng nhưng mình cũng không quan tâm lắm vì chủ yếu là món ăn và giá cả
-Gia đình mình chờ 40 phút mà vẫn chưa có gì bưng ra trong khi lúc mình vào chỉ có 1 mình gia đình mình, hoàn toàn không có khách khác
-Thái độ của nhân viên order, nhân viên phục vụ, đầu bếp trưởng và thậm chí là quản lý cũng cực kì vô trách nhiệm và thiéu văn hoá. Lúc mẹ mình vào hỏi tại sao vẫn chưa lên món thì bếp trưởng liền lớn tiếng với mẹ mình và xua tay kêu mẹ mình đi lên chỗ khác. Quản lý cũng không xin lỗi. Gia đình mình quyết định không ăn nữa và tính tiền ra về thì nhân viên tính tiền ra quăng bill xuống bàn. 
Mình sẽ không bao giờ tới quán này ăn nữa và cả những người quen của mình cũng thế. Các bạn nên suy nghĩ trước khi đến ăn kẻo lại rước bực mình vào người. Và mình nghĩ chủ nhà hàng nên chấn chỉnh lại cách làm việc và thái độ của quản lý, dau bếp và nhân viên không thể nào có chuyện nhân viên ngồi cùng chỗ rồi ăn cơm trước mặt khách như vậy được. Thân!",0,0,1,0,0,0
72,"Nhà hàng tốt, không gian thoáng đãng ạ.
Nói chung để ăn cơm gia đình thì đây là lựa chọn k tệ chút nào kaka.",0,0,4,0,0,0
73,"Trưa ngày đầu tiên đến Quy Nhơn đoàn mình được đưa đến nhà hàng này dùng cơm tru79a.
Mới đọc qua tên nhà hàng cũng đã mường tượng đượcnhà hàng xây cất bằng gỗ rồi, không gian rộng rãi mát mẻ.
Đoàn mình 12 người mà nhân viên dọn cái bàn chút éc (chừng 1m vuông), biểu ăn sao k biết, chắc 1 người ăn 2 người nhịn vì k gắp được.
Có chú quạo quá la lên, mà có nv nữ nói ngồi được mà, nhưng k ai chịu nên kéo thêm 1 bàn vô, vậy mà còn chưa được thoải mái cho lắm nữa kìa.",0,0,2,0,0,0
74,"Nhà hàng này hải sản tươi sống, không gian thoáng đãng phù hợp với gia đình hay tiếp khách hàng gì cũng ok hết. Mỗi tội giá hơi chát nên ko thể ghé thường xuyên huhu",0,0,4,0,0,0
75,"Nhà hàng thuyền này nằm lênh đênh trên biển, view đẹp nhưng  có mùi hôi do rác đọng gần bờ. Buổi tối gió mát lồng lộng. Menu chuyên về hải sản .Tối nào cũng đông khách cả, giá cả hơi cao so với mặt bằng chung.",0,0,3,0,0,0
76,"Nhà hàng này là điểm đến yêu thích của gia đình mình. Phục vụ rất nhanh, rất nhiệt tình. Nước chấm đủ loại, cực chất nữa. View thì đẹp nhưng tùy chỗ",0,0,4,0,0,0
77,"Mình là khách du lịch, tìm đường đến nhà hàng thiệt vật vã, phải hỏi mấy người đi vòng vèo mới đến được. Nhưng ko bỏ công, nhà hàng có view đẹp, ăn uống trên tàu và ngắm biển cực thích. Tiếc là mình đi với người lớn nên không tiện chụp hình.
Phục vụ nhanh nhẹn, thân thiện.
Có điều WC có cửa sổ nhìn ra biển nên cũng hơi ngại. Haha",0,0,4,0,0,0
78,"Rồi nói ngta đưa đến Nhà Hàng Bè Nổi Biển Đông là ngta biết à. 
Rồi vô vấn đề chính, giá hợp lý, không mắc nếu so với giá trên SG. Có câu cá free mà câu hoài ko đc con nào buồn dễ sợ :))).",4,0,4,0,0,0
79,"Những ai yêu màu "" xanh ngát xanh "" thì đây là một địa điểm không thể bỏ qua. Với tông màu xanh ngọc chủ đạo trong nội thất của quán, hòa cùng màu xanh của nước biển, của núi bên cạnh quán hay những con thuyền màu sắc xanh rực rỡ trước nhà hàng thì đây là một điểm check-in tuyệt vời rồi. 
Đặc biệt quán còn có dịch vụ câu cá free, khi bạn đến đây thì liên hệ nhân viên, họ sẽ cho bạn mượn cần và chuẩn bị mồi câu cho bạn.",5,0,5,0,0,0
80,"Nhà hàng nổi trên biển, đến với nhà hàng Biển Đông bạn sẽ cảm nhận 1 không khí trong lành, các loại hải sản sống như : tốm, cá , mữa, cua, ghẹ và các loại ốc !",0,0,4,0,0,0
81,"Cuối tuần vừa rồi gia đình tui đến đây, ngộ. Ở thành phố quen rồi, đi tàu ra một địa điểm cách thành phố có 10km mà như một quang cảnh hoàn toàn khác. Nhà hàng bè nổi, gió mát rười rượi, cá tươi bơi trong bè trông đã dễ sợ. 
tui với con em mượn anh chị chủ quán cái cần câu, câu cũng được dăm ba con cá sơn. hehe
sẽ quay lại đây.",0,0,4,0,0,0
82,"Quán không gian thoáng mát, khu vực mát mẻ. là sự lựa chọn rất tuyệt cho kỳ nghỉ lễ cùng gia đình hay cơ quan. 
Có đồi sim ngay cạnh quán, dẫn con lên chơi, hái sim thỏa thích.
Cảm ơn quán. lần sau sẽ ghé ủng hộ",0,0,5,0,0,0
83,"Nay có cả khu vui chơi cho trẻ em rất thích hợp cho gia đình. Quán còn có đặt trước để tổ chức sinh nhật nữa. Màu quán hài hoà đẹp mắt, thoáng",4,0,4,0,0,0
84,"Lần trước di thấy ok nhưng lần đến Qui Nhơn ghé lần nữa thì thất vọng hẳn - Nhân viên phịc vụ chậm chạp , kêu món ăn xong dọn được vài món thì ngưng luôn , để ngồi ngó nhau chơi, nhắc hai ba lần mới bưng tiếp lên 1 món rồi lại ngưng - Thắc mắc thì trả treo, nói 1 tiếng cãi 1 tiếng ( nhân viên nam tròn tròn ) - Bực bội gì đâu - Thái dfooj phục vụ như vậy thì chả bao giờ ghé nữa",0,0,1,0,0,0
85,"Thời gian công tác ở Qui Nhơn được ghé nhà hàng này nhiều lần. Nói chung là không gian quán thoáng đãng , rộng rãi và mát mẻ . Nhân viên phục vụ nhanh nhẹn , thân thiện với khách hàng . Thời gian chế biến món ăn hơi lâu một tí. So với mặt bằng nhà hàng thì giá cả ở đây cũng không đắt lắm . Đồ ăn ở đây có nhiều món ngon lạ, cách chế biến cũng khá hấp dẫn .",0,0,4,0,0,0
86,"Tìm mãi mới thấy có mỗi quán này bán hầu sống ở Qui Nhơn . Nói chung là mặt bàn quán khá to , rộng rãi và mát mẻ . Nhân viên phục vụ nhanh nhẹn , dễ chịu với khách hàng . Thời gian đợi chế biến món ăn hơi lâu một tí nhưng bù lại được ăn ngon cũng đáng . Giá cả ở đây cũng không đắt lắm . Đồ ăn ở đây có nhiều món lạ và chế biến khá hấp dẫn",0,0,4,0,0,0
87," Giá cả quá rẻ so với 1 quán cỡ nhà hàng. Đĩa bào ngư có trăm mà to nhiều phát sợ. Thích nhất là sự chuyên nghiệp của nhân viên. Đông kinh khủng mà ko bỏ sót ai. Mình hỏi nhà vệ sinh ở đâu còn nhìn theo thấy mình vào đúng nơi mới quay làm việc khác. Cô chủ quán nhiệt tình giới thiệu, chu đáo và đáng yêu",0,0,5,0,0,0
88,"Nhà hàng nằm đối diện biển, khá rộng rãi, dân địa phương ăn nhiều, hải sản tươi ,chế biến rất vừa miệng. ",0,0,4,0,0,0
89,"Quán rất sag trọng,làm chu đáo,nhân viên tận tìh",0,0,4,0,0,0
90,"⭕️Đi dịp tết nên siêu đông, siêu ồn, siêu dơ. Nv dọn không kịp, ngồi bàn ăn mà dưới chân 1 đống rác.
",0,0,2,0,0,0
91,"Không gian theo phong cách hội an, nói chung nhà hàng phục vụ rất tốt, thích hợp cho không gian gia đinh.",0,0,4,0,0,0
92,"Không Gian đẹp, lấy từ không gian gỗ Hội An. Nhân viên phục vụ tận tình và rất lễ phép, món ăn lên nhanh. Tôi không còn từ gì để nói hài lòng và rất hài lòng. 
Về Quy Nhơn, Bình Định nhất định phải ghé vào dùng không thì tiết lắm.",0,0,5,0,0,0
93,"Quán quá tệ. Chỉ được trang trí đẹp, còn thức ăn dở tệ, ngay cả người cty mình ở 3 vùng Bắc Trung Nam đều chê phục vụ khinh người, toàn mấy đứa thiếu chuyên nghiệp, nhìn cứ ngơ ngơ ra như bị bệnh thiểu năng. Quán chật chội, đi tour giá cao mà bị lừa vô quán này, cả đoàn cty mình phản ánh tour quá trời. Làm ơn, đừng móc nối với tour đẻ ép khách vô quán này nữa. Làm ăn có tâm giùm đi, để đức cho hai đứa con nữa chủ quán ạ.",1,0,1,0,0,0
94,"Mình đi du lịch rất nhiều vùng miền ở VN, cảnh vật và con người là 2 yếu tố quan trọng để khách du lịch ấn tượng và nhớ mãi về mảnh đất nơi họ đi qua. Nhà hàng này làm mình có ấn tượng không tốt, cách làm việc không thể chấp nhận nổi. Mình đặt bàn đặt chỗ theo thực đơn cho đoàn 7 mâm các kiểu từ buổi tối hôm trước, sáng 9h alo gọi điện để kiểm tra lại ( vì biết bây giờ QN đông khách có thể có trục trặc) nhà hàng báo em không nhận đoàn chị nữa. Quá choáng!!",0,0,1,0,0,0
95,"Không biết đồ ăn ở đây ngon đến mức nào nhưng cách phục vụ thì k thể mê được!
Bạn quản lý nói quán đông nên khách bắc vào đây ăn có khi phải đặt trước cả năm chứ đặt bàn từ sáng đến tối đến k có chỗ chắc với bạn ấy là chuyện BÌNH THƯỜNG????
Thế nên các bạn khách Bắc vào đây nhớ book vé thì book luôn chỗ ăn ở quan Cơm niêu hoành tráng này nhé!
Xin lỗi quán chứ bực ntn thì KHÔNG BAO GIỜ quay lại lần nữa được!",0,0,1,0,0,0
96,"Du lịch Quy Nhơn mìn đi theo đoàn, bữa tối được đặt ở nhà hàng Cơm niêu Hội An. Nhà hàng nằm ngay mặt đường lớn, khá dễ nhìn. Không gian được thiết kế, treo đèn lồng đủ màu sắc đậm chất Hội An có 3-4 tầng gì đó. ",0,0,4,0,0,0
97,"Ngày Tết gia đình mình có ghé nhà hàng ăn trưa. Quán trang trí đơn giản, nhân viên phục vụ dễ thương. Không gian ở đây khá yên tĩnh lịch sự, mặc dù khách ngồi rất đông nhưng mọi người đều có ý thức nói chuyện rất nhỏ nhẹ. Tầng mình ngồi thì ko có máy lạnh, chỉ có máy quạt, rất may là không gian khá thoáng. các gia đình đi du lịch nếu như có em bé khó ăn thì nơi đây là lựa chọn an toàn.
ÀH ở quán còn có thực đơn tiết kiệm 99k, 159k,...nhé. Dễ chọn.",0,0,4,0,0,0
98,"Gọi đồ hàng tiếng không bê ra, gọi tính tiền thì kêu ""bếp đang làm"" và không cho thanh toán mà bắt phải lấy hết nhưng vẫn không bê nốt đồ lên. 

Sau nửa tiếng sau thì món vẫn không lên nổi và nó đành phải trừ chỗ đó vào hoá đơn, mặt sưng lên như cái l trâu. Phục vụ kiểu bố đời, một lần đến tởn đến già!",0,0,2,0,0,0
99,"Nhà hàng này ở vị trí khá đẹp, nhìn ra là thấy hồ sinh thái ở Quy Nhơn. Quán cũng sang trọng nhưng thực sự cách bài trí thì mình thì thấy hơi khó hiểu, nó không theo một quy luật nào cả, các bàn kê khá gần nhau nên hơi ồn,ảnh hưởng bởi bàn kế bên.Nhưng được cái là bàn nào cũng được trải khăn trải bàn nhìn sạch sẽ,tinh tươm. Nhưng được cái bạn phục vụ đẹp trai nên lấy được điểm trong mắt của mình.",0,0,3,0,0,0
100,"Ăn quán này những ngày cuối năm , hầu hết các nhà hàng đều đóng cửa , ở đây còn mở mà khá đông khách ",0,0,4,0,0,0
101,"Quán hải sản này được nhiều người chỉ tay nhau đến. ở đường Xuân Diệu này ấy thì theo mình biết chia làm 2 khu chính 1 khu là ăn vỉa hè bình dân 1 khu là sang xịn nhà hàng. Quán này nằm giữa 2 khu mình thấy giá ko quá cao quá thấp tuy nhiên đến đây mà gọi món thì cũng ko hề rẻ.
",0,0,3,0,0,0
102,"Nhà hàng được coi là có khách nhất từ trước tới nay... có bán các loại hải sản như cua huỳnh đế, cua gạch, tôm hùm, tôm càng, cá mú, cá mặt quỷ, nghêu, sò, ốc các kiểu... mình biết tới nhà hàng từ rất lâu và không khi nào quán vắng khách cả... nhân viên ở đây phục vụ rất tận tình với khách hàng không riêng gì khách hàng ngoại quốc, nhà hàng có các dịch vụ phòng vip phục vụ các bữa tiệc liên hoan các kiểu...",0,0,4,0,0,0
103,"Nhà hàng nằm gần khu du du lịch ghềnh ráng nên rất đông khách. Không gian rộng rãi, có hai tầng, view nhìn ra biển rất đẹp. Đi ăn tầm chiều tối là gió biển lên mát ruời rượi luôn. Menu đa dạng, nhiều món cho khách lựa chọn.Chuyên về các loại hải sản tươi sống, ngoài ra còn có một số món ăn chơi khác. Chất lượng ổn, chế biến hợp vệ sinh. Nhân viên phục vụ nhanh nhẹn, không phải đợi lâu. Thích nhất là ăn lẩu hải sản, với cả tôm, cua hấp sả. Giá cả có cao hơn so với mặt bằng chung",0,0,4,0,0,0
104,"mình chỉ đính chính thêm về địa chỉ và thời gian phục vụ của quán. Tìm quán này rất dễ, nếu đi từ trong Thành phố ra quán nằm bên tay trái và đối diện là Tháp đôi nằm bên phải đường (thường là mình vào Tháp đôi gửi xe, dẫn bạn vào tham quan tháp, sau đó đi bộ sang quán). Quán hiện chỉ phục vụ khách vào buổi tối, còn buổi trưa phải là khách đoàn đặt trước thì nhận, không nhận khách lẻ vì buổi trưa không có người phục vụ.",0,0,3,0,0,0
105,"Nhà hàng này nằm xa trung tâm nhưng khá đoong khách, kiểu cũ cũ cổ cổ rất chi sang, lại yên tĩnh, nhẹ nhang, sẽ còn ghé lại",0,0,4,0,0,0
106,"Kiến Trúc ở đây toàn bằng gỗ, bước vào là bao trùm một cảm giác cổ xưa. Ngồi và cảm nhận sự yên bình trong tâm hồn. Mình chả biết chủ quán đã đổ ra bao nhiêu tiền để đầu tư một không gian hoành tráng như thế này. Mang đậm bản chất dân dã. Thích nhất là ngồi nhìn mấy cô phục vụ mặc áo bà ba đồng phục..Ngồi trong quán cảm giác cứ như là mình sống lại thế kỷ 19 ấy.",0,0,5,0,0,0
107,"Đi tham quan tháp đôi xong nên ghé vào đây ăn trưa luôn, tiện dã man. Không gian siêu rộng, kiểu nhà hàng sang chảnh, có sân vườn, chậu kiểng rất đẹp.  Nhân viên phục vụ tận tình chu đáo với khách",0,0,4,0,0,0
108,"Khi vừa bước vào quán, bạn sẽ cảm thấy rất yên bình và thoải mái. Quán có kiến trúc khá đẹp, không gian thoải mái, phù hợp luôn khi đi với gia đình đông. Nhân viên phục vụ cũng khiến bạn hài lòng vì nhanh nhẹn, tư vấn cho khách tốt và nhiệt tình. ",0,0,4,0,0,0
109,"Quán nằm ở vị trí khá dễ tìm ngay trên trục đường chính. Không được yên tĩnh cho lắm vì thường có tàu lửa chạy qua.
 Căn phòng chính là 1 căn nhà cổ được phục chế  khá độc đáo. Decor là những tác phẩm bằng gốm và sơn mài của họa sĩ địa phương.
Nhân viên thân thiên phục vụ nhanh từ 10-20' dù quán khá đông.
Giá cả hợp lý so với chất lượng và vị trí .
",,,4,,,
